<?xml version="1.0" encoding="UTF-8"?>
<addon id="visualization.starburst" version="2.0.2.1" name="StarBurst" provider-name="Team Kodi">
  <requires>
    <import addon="kodi.binary.global.main" version="1.0.14"/>
    <import addon="kodi.binary.global.gui" version="5.12.0"/>
    <import addon="kodi.binary.instance.visualization" version="2.0.1"/>
  </requires>
  <extension point="xbmc.player.musicviz" library_linux="visualization.starburst.so.2.0.2"/>
  <extension point="xbmc.addon.metadata">
    <summary lang="en">StarBurst visualizer</summary>
    <description lang="en">Frequency giving stars burst.</description>
    <platform/>
    <license>GPL-2.0</license>
    <source>https://github.com/xbmc/visualization.starburst</source>
    <assets>
      <icon>resources/icon.png</icon>
      <fanart>resources/fanart.jpg</fanart>
      <screenshot>resources/screenshot-01.jpg</screenshot>
      <screenshot>resources/fanart.jpg</screenshot>
      <screenshot>resources/screenshot-02.jpg</screenshot>
    </assets>
  </extension>
</addon>
