<?xml version="1.0" encoding="UTF-8" standalone="yes"?>
<addon id="service.aml-vnc"
       name="Amlogic VNC"
       version="9.2.101"
       provider-name="Team CoreELEC">
  <requires>
    <import addon="xbmc.python" version="2.1.0"/>

  </requires>
  <extension point="xbmc.service" library="default.py">
    <provides></provides>
  </extension>
  <extension point="xbmc.addon.metadata">
    <summary>Amlogic VNC server</summary>
    <description>
Amlogic VNC server is a Virtual Network Computing (VNC) server for Amlogic devices
    </description>
    <disclaimer>

    </disclaimer>
    <platform>all</platform>
    <news>
100
- Initial release
    </news>
    <assets>
      <icon>resources/icon.png</icon>
      <fanart>resources/fanart.png</fanart>

    </assets>
  </extension>
</addon>
