<?xml version="1.0" encoding="UTF-8" standalone="yes"?>
<addon id="script.amlogic.displayinfo"
       name="CoreELEC Display Info"
       version="9.2.100"
       provider-name="roidy">
  <requires>
    <import addon="xbmc.python" version="2.1.0"/>

  </requires>
  <extension point="xbmc.python.script" library="default.py">
    <provides></provides>
  </extension>
  <extension point="xbmc.addon.metadata">
    <summary>A script for showing display and video information during playback</summary>
    <description>
A script for showing display and video information during playback in the player process info window (KEY_O)
    </description>
    <disclaimer>

    </disclaimer>
    <platform>all</platform>
    <news>
100
- Initial Release
    </news>
    <assets>
      <icon>resources/icon.png</icon>
      <fanart>resources/fanart.png</fanart>

    </assets>
  </extension>
</addon>
