{
    "LabelPrevious": "Anterior",
    "LabelFinish": "Finalitzar",
    "LabelNext": "Seg\u00fcent",
    "LabelYoureDone": "Ja est\u00e0!",
    "ThisWizardWillGuideYou": "Aquest assistent et guiar\u00e0 durant el proc\u00e9s d'instal\u00b7laci\u00f3. Per comen\u00e7ar, si et plau selecciona el teu idioma preferit.",
    "HeaderCreateYourFirstUser": "Crear el Teu Primer Usuari",
    "ButtonQuickStartGuide": "Guia d'inici r\u00e0pid",
    "MoreUsersCanBeAddedLater": "Podr\u00e0s afegir m\u00e9s usuaris despr\u00e9s des del tauler de control.",
    "UserProfilesIntro": "Emby inclou suport integrat per a perfils d'usuari, habilitant a cada usuari tenir les seves pr\u00f2pies prefer\u00e8ncies de visualitzaci\u00f3, estats de reproducci\u00f3 i controls parentals.",
    "WizardCompleted": "Aix\u00f2 \u00e9s tot el que necessitem per ara. Emby ha comen\u00e7at a recollir informaci\u00f3 de la teva biblioteca multim\u00e8dia. Mira't alguna de les nostres apps, i llavors fes clic a <b>Finalitzar<\/b> per veure el <b>Tauler de Control del Servidor<\/b>.",
    "HeaderTermsOfService": "Termes del Servei Emby",
    "MessagePleaseAcceptTermsOfService": "Si et plau, accepta els termes i condicions i la pol\u00edtica de privacitat abans de continuar.",
    "OptionIAcceptTermsOfService": "Accepto els termes del servei",
    "HeaderGuideDataSetup": "Guide Data Setup",
    "LabelGuideSource": "Guide source:",
    "SeeOurHwaGuide": "See our {0}hardware acceleration setup guide{1}.",
    "HeaderEmbyServerReleaseNotes": "Emby Server Release Notes",
    "AllowSubtitleDownloading": "Permet la desc\u00e0rrega de subt\u00edtols",
    "AllowSubtitleManagement": "Permet la supressi\u00f3 de fitxers de subt\u00edtol existents",
    "NewUserNameHelp": "This is how the user will appear on your server.",
    "ChapterMarkers": "Marcadors d'episodis",
    "LabelThumbnailImagesInterval": "Interval de les imatges en miniatura:",
    "ThumbnailImagesIntervalHelp": "More frequent thumbnails will result in a better experience, but will require  more disk space and time to create the images.",
    "LabelAuthProvider": "Prove\u00efdor d'autenticaci\u00f3:",
    "AuthProviderHelp": "Administrators always use the default Emby provider to ensure you're never locked out.",
    "HeaderNewUser": "Nou Usuari",
    "EditServerDisplayName": "Canvia el nom del servidor",
    "LabelPinCode": "Codi pin:",
    "ShowAdvancedSettings": "Mostra opcions avan\u00e7ades",
    "ChangingMetadataImageSettingsNewContent": "Changes to metadata or artwork downloading settings will only apply to new content added to your library. To apply the changes to existing titles, you'll need to refresh their metadata manually.",
    "AllowRemoteAccess": "Allow remote connections to this Emby Server.",
    "AllowRemoteAccessHelp": "If unchecked, all remote connections will be blocked.",
    "Alerts": "Alertes",
    "LabelTrackTitleDisplay": "Embedded track title display:",
    "GenerateUserFriendlyTrackTitles": "Generate user friendly titles using track information",
    "PreferOriginalTrackTitles": "Preferir t\u00edtols incrustats",
    "TrackTitleDisplayHelp": "Choose the display title of embedded audio and subtitle tracks. Preferring embedded is not recommended unless you are manually curating embedded track information.",
    "EnableTranscodingThrottle": "Enable throttling",
    "EnableTranscodingThrottleHelp": "Emby will dynamically adjust transcoding speed based in order to reduce CPU utilization.",
    "LabelTypeMetadataDownloaders": "{0} metadata downloaders:",
    "HeaderTypeImageFetchers": "{0} Image Fetchers",
    "HeaderImageOptions": "Image Options",
    "OptionBeta": "Beta",
    "HeaderTaskTriggers": "Disparadors de Tasques",
    "HeaderPaths": "Directoris",
    "CategorySync": "Sync",
    "RegisterWithPayPal": "Registra amb PayPal",
    "LabelSyncTempPath": "Directori de fitxers temporals:",
    "LabelSyncTempPathHelp": "Especifica un directori de treball personalitzat. Els multim\u00e8dia convertits durant el proc\u00e9s de sincronitzaci\u00f3 es desaran aqu\u00ed.",
    "LabelCustomCertificatePath": "Custom ssl certificate path:",
    "LabelCustomCertificatePathHelp": "Path to a PKCS #12 file containing a certificate and private key to enable TLS support on a custom domain.",
    "HeaderSetupLibrary": "Configura les teves biblioteques multim\u00e8dia",
    "LabelTimeLimitHours": "Temps l\u00edmit (en hores):",
    "HeaderPreferredMetadataLanguage": "Idioma de Metadades Preferit",
    "LabelSaveLocalMetadata": "Desa l'artwork als directoris dels multim\u00e8dia",
    "LabelSaveLocalMetadataHelp": "Desant l'artwork als directoris dels multim\u00e8dia es posar\u00e0 tot en llocs on podr\u00e0 ser editat f\u00e0cilment.",
    "TabPassword": "Contrasenya",
    "TabLibraryAccess": "Acc\u00e9s a la Biblioteca",
    "TabAccess": "Acc\u00e9s",
    "TabImage": "Imatge",
    "TabProfile": "Perfil",
    "TabMetadata": "Metadades",
    "TabImages": "Imatges",
    "HeaderDeviceAccess": "Acc\u00e9s de Dispositiu",
    "OptionEnableAccessFromAllDevices": "Habilita l'acc\u00e9s des de tots els dispositius",
    "OptionEnableAccessToAllChannels": "Habilita l'acc\u00e9s a tots els canals",
    "OptionEnableAccessToAllLibraries": "Habilita l'acc\u00e9s a totes les biblioteques",
    "DeviceAccessHelp": "Filtrar l'acc\u00e9s de dispositius previndr\u00e0 que es connectin nous dispositius fins que no hagin estat aprovats aqu\u00ed.",
    "LabelDisplayMissingEpisodesWithinSeasons": "Mostra els episodis que manquen dins les temporades",
    "LabelDisplayMissingEpisodesWithinSeasonsHelp": "This must also be enabled for TV libraries in Emby Server setup.",
    "LabelUnairedMissingEpisodesWithinSeasons": "Mostra els episodis que no han estat emesos dins les temporades",
    "ImportMissingEpisodesHelp": "If enabled, information about missing episodes will be imported into your Emby database and displayed within seasons and series. This may cause significantly longer library scans.",
    "MessageEnablingOptionLongerScans": "Habilitar aquesta opci\u00f3 pot resultar en escanejos de la llibreria significativament m\u00e9s lents.",
    "TabSecurity": "Seguretat",
    "ButtonSave": "Desa",
    "LabelUrl": "Url:",
    "HeaderCreatePassword": "Crea Contrasenya",
    "LabelMaxParentalRating": "Valoraci\u00f3 m\u00e0xima permesa de control parental:",
    "MaxParentalRatingHelp": "El contingut amb una valoraci\u00f3 superior no ser\u00e0 mostrat a l'usuari.",
    "LibraryAccessHelp": "Selecciona els directoris dels multim\u00e8dia a compartir amb aquest usuari. Els administradors podran editar tots els directoris emprant el gestor de metadades.",
    "ChannelAccessHelp": "Selecciona els canals a compartir amb aquest usuari. Els administradors podran editar tots els canals emprant el gestor de metadades.",
    "ButtonDeleteImage": "Esborra Imatge",
    "LabelSelectUsers": "Selecciona usuaris:",
    "HeaderUploadNewImage": "Carrega Nova Imatge",
    "ImageUploadAspectRatioHelp": "1:1 Relaci\u00f3 d'Aspecte Recomanada. Nom\u00e9s JPG\/PNG.",
    "MessagePleaseEnsureInternetMetadata": "Si et plau, assegura't que la desc\u00e0rrega de metadades d'internet est\u00e0 habilitada.",
    "AlreadyPaidHelp1": "If you already paid to install an older version of Media Browser for Android, you don't need to pay again in order to activate this app. Click OK to send us an email at {0} and we'll get it activated for you.",
    "AlreadyPaidHelp2": "Got Emby Premiere? Just cancel this dialog, setup Emby Premiere in your Emby Server Dashboard under Help -> Emby Premiere, and it will be unlocked automatically.",
    "TabSuggestions": "Sugger\u00e8ncies",
    "TabLatest": "Novetats",
    "TabUpcoming": "Properament",
    "TabShows": "Programes",
    "TabEpisodes": "Episodis",
    "TabGenres": "G\u00e8neres",
    "TabNetworks": "Xarxes",
    "HeaderUsers": "Usuaris",
    "TabMyPlugins": "Els meus complements",
    "TabCatalog": "Cat\u00e0leg",
    "TitlePlugins": "Complements",
    "HeaderAutomaticUpdates": "Actualitzacions Autom\u00e0tiques",
    "HeaderLatestAlbums": "Darrers \u00c0lbums",
    "HeaderLatestSongs": "Darreres Can\u00e7ons",
    "LabelVideoType": "Tipus de V\u00eddeo:",
    "OptionBluray": "Bluray",
    "OptionDvd": "Dvd",
    "OptionIso": "Iso",
    "Option3D": "3D",
    "Standard": "Standard",
    "LabelLastResult": "Darrer resultat:",
    "OptionHasSpecialFeatures": "Caracter\u00edstiques Especials",
    "OptionImdbRating": "Qualificaci\u00f3 IMDb",
    "OptionParentalRating": "Classificaci\u00f3 Parental",
    "OptionPremiereDate": "Premiere Date",
    "TabBasic": "B\u00e0sic",
    "TabAdvanced": "Avan\u00e7at",
    "TabGeneral": "General",
    "TitleSupport": "Suport",
    "TabAbout": "Quant a",
    "TabSupporterKey": "Clau d'Emby Premiere",
    "TabBecomeSupporter": "Obtingues Emby Premiere",
    "TabEmbyPremiere": "Emby Premiere",
    "OptionHideUserLocal": "Hide this user from login screens on the local network",
    "OptionHideUserRemote": "Hide this user from login screens when connected remotely",
    "OptionHideUserFromLoginHelp": "Pr\u00e0ctic per a comptes d'administrador ocults o privats. L'usuari necessitar\u00e0 accedir manualment introduint el seu nom d'usuari i contrasenya.",
    "OptionDisableUser": "Desactiva aquest usuari",
    "OptionDisableUserHelp": "Si es desactiva el servidor no permetr\u00e0 cap connexi\u00f3 des d'aquest usuari. Les connexions existents seran interrompudes abruptament.",
    "ButtonHelp": "Ajuda",
    "OptionAllowUserToManageServer": "Permet aquest usuari gestionar el servidor",
    "HeaderFeatureAccess": "Acc\u00e9s a Funcions",
    "OptionAllowMediaPlayback": "Permetre reproducci\u00f3 multim\u00e8dia",
    "OptionAllowBrowsingLiveTv": "Permetre acc\u00e9s a TV en directe",
    "AllLibraries": "Totes les biblioteques",
    "HeaderAllowMediaDeletionFrom": "Permetre supressi\u00f3 de mitjans de",
    "AllowDeletionFromAll": "Permetre supressi\u00f3 de mitjans de totes les biblioteques",
    "OptionAllowManageLiveTv": "Permetre gestionar l'enregistrament de TV en directe",
    "OptionAllowRemoteControlOthers": "Permetre el control remot d'altres usuaris",
    "OptionAllowRemoteSharedDevices": "Permetre el control remot de dispositius compartits",
    "OptionAllowRemoteSharedDevicesHelp": "Els dispositius dlna es consideren compartits fins que un usuari comen\u00e7a a controlar-los.",
    "OptionAllowLinkSharing": "Permetre compartir els mitjans a les xarxes socials",
    "OptionAllowLinkSharingHelp": "Nom\u00e9s les p\u00e0gines web contenint informaci\u00f3 multim\u00e8dia seran compartides. En cap cas es comparteixen fitxers p\u00fablicament. Les comparticions estan limitades per temps i expiraran despr\u00e9s de {0} dies.",
    "OptionMissingTmdbId": "Sense id de Tmdb",
    "OptionIsHD": "HD",
    "OptionIsSD": "SD",
    "ButtonSelect": "Selecciona",
    "HeaderCredits": "Cr\u00e8dits",
    "PleaseSupportOtherProduces": "Si et plau, suporta altres productes gratu\u00efts que emprem:",
    "VersionNumber": "Versi\u00f3 {0}",
    "TabPaths": "Directoris",
    "TabServer": "Servidor",
    "OptionRelease": "Versi\u00f3 Oficial",
    "LabelAllowServerAutoRestart": "Permetre el servidor reiniciar-se autom\u00e0ticament per aplicar actualitzacions",
    "LabelAllowServerAutoRestartHelp": "El servidor nom\u00e9s es reiniciar\u00e0 durant per\u00edodes d'inactivitat, quan no tingui usuaris actius.",
    "LabelRunServerAtStartup": "Engega el servidor en iniciar el sistema",
    "LabelRunServerAtStartupHelp": "This will start the Emby tray icon on Windows startup. If you've set up a Windows service then leave this unchecked and configure the service to run at startup.",
    "ButtonSelectDirectory": "Selecciona Directori",
    "LabelCachePath": "Dir. de mem\u00f2ria cau:",
    "DefaultMetadataLangaugeDescription": "These are your defaults and can be customized on a per-library basis.",
    "LabelCachePathHelp": "Especifica una ubicaci\u00f3 personalitzada per als fitxers de mem\u00f2ria cau del servidor. Deixa-ho en blanc per emprar el valor per defecte del servidor.",
    "LabelRecordingPath": "Directori de gravaci\u00f3 per defecte:",
    "LabelMovieRecordingPath": "Directori de gravaci\u00f3 de pel\u00b7l\u00edcules (opcional):",
    "LabelSeriesRecordingPath": "Directori de gravaci\u00f3 de s\u00e8ries (opcional):",
    "LabelRecordingPathHelp": "Specify the default location to save recordings. If left empty, the server's program data folder will be used.",
    "LabelMetadataPath": "Directori de metadades:",
    "LabelMetadataPathHelp": "Especifica un directori personalitzat per a l'artwork i les metadades descarregats.",
    "LabelTranscodingTempPath": "Directori temporal de transcodificaci\u00f3:",
    "LabelTranscodingTempPathHelp": "Aquest directori cont\u00e9 fitxers emprats pel transcodificador. Especifica un directori personalitzat o deixa-ho en blanc per emprar el per defecte dins el directori de dades del servidor.",
    "TabBasics": "B\u00e0sics",
    "TabTV": "TV",
    "TabGames": "Jocs",
    "TabMusic": "M\u00fasica",
    "TabOthers": "Altres",
    "OptionMovies": "Pel\u00b7l\u00edcules",
    "OptionEpisodes": "Episodis",
    "OptionOtherVideos": "Altres V\u00eddeos",
    "ExtractThumbnailImagesHelp": "Creating thumbnail images will allow Emby apps to display graphical scene selection menus. The process can be slow, cpu-intensive and may require several gigabytes of space. It runs when videos are discovered, and also as a nightly scheduled task. The schedule is configurable in the scheduled tasks area. It is not recommended to run this task during peak usage hours.",
    "TabGuide": "Guia",
    "TabChannels": "Canals",
    "TabCollections": "Col\u00b7leccions",
    "HeaderChannels": "Canals",
    "TabRecordings": "Enregistraments",
    "TabSeries": "S\u00e8ries",
    "TabFavorites": "Preferits",
    "TabMyLibrary": "La Meva Biblioteca",
    "TabSettings": "Prefer\u00e8ncies",
    "ButtonRefreshGuideData": "Refresca les Dades de la Guia",
    "ButtonRefresh": "Refresca",
    "OptionPriority": "Prioritat",
    "OptionRecordOnAllChannels": "Enregistra a tots els canals",
    "OptionRecordAnytime": "Enregistra en qualsevol moment",
    "OptionRecordOnlyNewEpisodes": "Enregistra nom\u00e9s nous episodis",
    "HeaderDays": "Dies",
    "ButtonEdit": "Edita",
    "ButtonRecord": "Grava",
    "ButtonDelete": "Esborra",
    "ButtonRemove": "Elimina",
    "OptionRecordSeries": "Enregistra S\u00e8ries",
    "HeaderDetails": "Detalls",
    "TitleLiveTV": "TV en Directe",
    "LabelNumberOfGuideDays": "Nombre de dies de dades de la guia per a descarregar:",
    "LabelNumberOfGuideDaysHelp": "Downloading more days worth of guide data provides the ability to schedule out further in advance and view more listings, but it will also take longer to download. Auto will choose based on the number of channels. Please note that regardless of how many days you choose, the data must exist in the source guide data in order for it to be downloaded. Some guide data providers only provide 24 hours. Emby Guide Data supports up to 14 days.",
    "OptionAutomatic": "Auto",
    "HeaderServices": "Serveis",
    "LabelCustomizeOptionsPerMediaType": "Personalitza per al tipus de mitj\u00e0:",
    "OptionDownloadThumbImage": "Miniatura",
    "OptionDownloadMenuImage": "Men\u00fa",
    "OptionDownloadLogoImage": "Logo",
    "OptionDownloadBoxImage": "Capsa",
    "OptionDownloadDiscImage": "Disc",
    "OptionDownloadBannerImage": "Banner",
    "OptionDownloadBackImage": "Contra",
    "OptionDownloadArtImage": "Art",
    "OptionDownloadPrimaryImage": "Prim\u00e0ria",
    "HeaderFetchImages": "Obtingues Imatges:",
    "TabOther": "Altres",
    "LabelMaxBackdropsPerItem": "Nombre m\u00e0xim d'imatges de fons per \u00edtem:",
    "LabelMaxScreenshotsPerItem": "Nombre m\u00e0xim de captures de pantalla per \u00edtem:",
    "LabelMinBackdropDownloadWidth": "Amplada m\u00ednima de desc\u00e0rrega de la imatge de fons:",
    "LabelMinScreenshotDownloadWidth": "Amplada m\u00ednima de desc\u00e0rrega de la captura de pantalla:",
    "ButtonAddScheduledTaskTrigger": "Afegir Disparador",
    "HeaderAddScheduledTaskTrigger": "Afegir Disparador",
    "ButtonAdd": "Afegeix",
    "LabelTriggerType": "Tipus de Disparador:",
    "OptionDaily": "Diari",
    "OptionWeekly": "Setmanal",
    "OptionOnInterval": "En un interval",
    "OptionOnAppStartup": "En arrencar l'aplicaci\u00f3",
    "OptionAfterSystemEvent": "Despr\u00e9s d'un esdeveniment del sistema",
    "LabelDay": "Dia:",
    "LabelTime": "Hora:",
    "LabelEvent": "Esdeveniment:",
    "OptionWakeFromSleep": "Despertar",
    "LabelEveryXMinutes": "Cada:",
    "HeaderTvTuners": "Sintonitzadors",
    "TabFolders": "Directoris",
    "LabelSpecialSeasonsDisplayName": "Special season display name:",
    "LabelEnableRealtimeMonitor": "Habilitar el monitoratge a temps real",
    "LabelEnableRealtimeMonitorHelp": "Els canvis als fitxers es processaran immediatament als sistemes que ho suportin.",
    "HeaderMediaFolders": "Directoris Multim\u00e8dia",
    "HeaderThemeVideos": "V\u00eddeos Tem\u00e0tics",
    "HeaderThemeSongs": "Can\u00e7ons Tem\u00e0tiques",
    "HeaderSpecialFeatures": "Caracter\u00edstiques Especials",
    "HeaderAdditionalParts": "Parts addicionals",
    "ButtonSplitVersionsApart": "Split Versions Apart",
    "ButtonPlayTrailer": "Tr\u00e0iler",
    "LabelMissing": "Manca",
    "OptionSpecialEpisode": "Especials",
    "OptionMissingEpisode": "Episodis Perduts",
    "OptionUnairedEpisode": "Episodis No Emesos",
    "OptionEpisodeSortName": "Nom per Endre\u00e7ar l'Episodi",
    "OptionTvdbRating": "Valoraci\u00f3 TVDB",
    "HeaderAddTitles": "Afegir T\u00edtols",
    "TabHome": "Inici",
    "HeaderLinks": "Enlla\u00e7os",
    "LinkCommunity": "Comunitat",
    "LinkGithub": "Github",
    "LinkApi": "Api",
    "LabelFriendlyServerName": "Nom amist\u00f3s del servidor:",
    "LabelFriendlyServerNameHelp": "El nom servir\u00e0 per identificar aquest servidor. Si es deixa en blanc s'emprar\u00e0 el nom de l'ordinador.",
    "LabelPreferredDisplayLanguage": "Idioma de visualitzaci\u00f3 preferit:",
    "LabelPreferredDisplayLanguageHelp": "La traducci\u00f3 d'Emby \u00e9s un projecte en curs.",
    "LabelReadHowYouCanContribute": "Apr\u00e8n com pots contribuir.",
    "ButtonSubmit": "Envia",
    "ButtonCreate": "Crea",
    "LabelCustomCss": "CSS propi:",
    "LabelCustomCssHelp": "Aplica el teu propi css a la interf\u00edcie web.",
    "LabelLocalHttpServerPortNumber": "Port local http:",
    "LabelLocalHttpServerPortNumberHelp": "The tcp port number that Emby's http server should bind to.",
    "LabelPublicHttpPort": "N\u00famero p\u00fablic del port http:",
    "LabelPublicHttpPortHelp": "The public port number that should be mapped to the local http port.",
    "LabelPublicHttpsPort": "N\u00famero p\u00fablic del port https:",
    "LabelPublicHttpsPortHelp": "The public port number that should be mapped to the local https port.",
    "RequireHttps": "Require https for external connections",
    "RequireHttpsHelp": "If enabled, connections over http will be redirected to https.",
    "LabelHttpsPort": "Port local https:",
    "LabelHttpsPortHelp": "The tcp port number that Emby's https server should bind to.",
    "LabelEnableAutomaticPortMap": "Habilita l'auto-mapatge de ports",
    "LabelEnableAutomaticPortMapHelp": "Attempt to automatically map the public port to the local port via UPnP. This may not work with some router models.",
    "LabelExternalDDNS": "Domini extern:",
    "LabelExternalDDNSHelp": "If you have a dynamic DNS or domain name, enter it here, without protocol or port. Emby apps will use it when connecting remotely. This field is required when used with a custom ssl certificate. Example: mydomain.com.",
    "LabelMinResumePercentage": "Percentatge m\u00ednim per reprendre:",
    "LabelMaxResumePercentage": "Percentatge m\u00e0xim per reprendre:",
    "LabelMinResumeDuration": "Durada m\u00ednima per reprendre (segons):",
    "LabelMinResumePercentageHelp": "Es considerar\u00e0 que no s'ha reprodu\u00eft si s'atura abans d'aquest temps",
    "LabelMaxResumePercentageHelp": "Es considerar\u00e0 que s'ha reprodu\u00eft del tot si s'atura despr\u00e9s d'aquest temps",
    "LabelMinResumeDurationHelp": "Els t\u00edtols m\u00e9s curts que aix\u00f2 no seran continuables",
    "HeaderName": "Nom",
    "HeaderDate": "Data",
    "HeaderSource": "Origen",
    "HeaderStatus": "Estat",
    "HeaderDestination": "Dest\u00ed",
    "Subscriptions": "Subscriptions",
    "HeaderProgram": "Programa",
    "HeaderClients": "Clients",
    "LabelCompleted": "Completat",
    "LabelFailed": "Fallit",
    "LabelSkipped": "Saltat",
    "LabelSeries": "S\u00e8ries:",
    "LabelEndingEpisodeNumber": "Nombre d'episodi final",
    "LabelEndingEpisodeNumberHelp": "Nom\u00e9s cal per als fitxers multi-episodi",
    "HeaderSupportTheTeam": "D\u00f3na suport a l'equip d'Emby",
    "HeaderSupportTheTeamHelp": "Help ensure the continued development of this project by purchasing Emby Premiere. A portion of all income will be contributed to other free tools we depend on.",
    "DonationNextStep": "Once complete, please return and enter your Emby Premiere key, which you will receive by email.",
    "LabelSeasonFolderPattern": "Patr\u00f3 del directori de temporada:",
    "LabelSeasonZeroFolderName": "Nom del directori de la temporada zero:",
    "HeaderResult": "Resultat",
    "LabelTransferMethod": "M\u00e8tode de transfer\u00e8ncia",
    "HeaderLatestNews": "Darreres Not\u00edcies",
    "HeaderRunningTasks": "Tasques Corrent",
    "HeaderActiveDevices": "Dispositius Actius",
    "HeaderPendingInstallations": "Instal\u00b7lacions Pendents",
    "ButtonRestartNow": "Reinicia ara",
    "ButtonShutdown": "Atura el Servidor Emby",
    "ButtonUpdateNow": "Actualitza Ara",
    "TabHosting": "Hosting",
    "PleaseUpdateManually": "Si et plau, apaga Emby Server i actualitza manualment.",
    "NewServerVersionAvailable": "Hi ha una nova versi\u00f3 del Servidor Emby disponible!",
    "ServerUpToDate": "L'Emby est\u00e0 actualitzat",
    "LabelComponentsUpdated": "Els seg\u00fcents components han estat instal\u00b7lats o actualitzats:",
    "MessagePleaseRestartServerToFinishUpdating": "Si et plau, reinicia el servidor per finalitzar les actualitzacions.",
    "LabelDownMixAudioScale": "Audio boost when downmixing:",
    "LabelDownMixAudioScaleHelp": "Boost audio when downmixing. Set to 1 to preserve original volume value.",
    "LabelCurrentEmailAddress": "Adre\u00e7a de correu electr\u00f2nic actual",
    "LabelCurrentEmailAddressHelp": "The current email address to which your new key was sent.",
    "HeaderForgotKey": "Clau Perduda",
    "LabelSupporterEmailAddress": "L'adre\u00e7a electr\u00f2nica emprada per a comprar la clau.",
    "ButtonRetrieveKey": "Recupera Clau",
    "LabelSupporterKey": "Clau d'Emby Premiere (enganxa des de l'email):",
    "LabelSupporterKeyHelp": "Enter your Emby Premiere key to start enjoying additional benefits.",
    "MessageInvalidKey": "La clau d'Emby Premiere no hi \u00e9s o \u00e9s inv\u00e0lida.",
    "ErrorMessageInvalidKey": "In order for any premium content to be registered, you must also have an active Emby Premiere subscription.",
    "HeaderRequireManualLogin": "Require manual username entry for:",
    "HeaderRequireManualLoginHelp": "When disabled, Emby apps may present a login screen with a visual selection of users.",
    "OptionOtherApps": "Altres apps",
    "OptionMobileApps": "Apps per a m\u00f2bils",
    "LabelNotificationEnabled": "Habilita aquesta notificaci\u00f3",
    "LabelMonitorUsers": "Supervisar activitat de:",
    "LabelSendNotificationToUsers": "Envia la notificaci\u00f3 a:",
    "LabelUseNotificationServices": "Empra els seg\u00fcents serveis:",
    "CategoryUser": "Usuari",
    "CategorySystem": "Sistema",
    "CategoryApplication": "Aplicaci\u00f3",
    "CategoryPlugin": "Complement",
    "LabelAvailableTokens": "Tokens disponibles:",
    "AdditionalNotificationServices": "Browse the Emby {0}plugin catalog{1} to install additional notification services.",
    "OptionAllUsers": "Tots els usuaris",
    "OptionAdminUsers": "Administradors",
    "OptionCustomUsers": "Custom",
    "ButtonArrowUp": "Amunt",
    "ButtonArrowDown": "Avall",
    "ButtonArrowLeft": "Esquerra",
    "ButtonArrowRight": "Dreta",
    "ButtonBack": "Darrera",
    "ButtonInfo": "Info",
    "ButtonHome": "Inici",
    "ButtonSearch": "Cercar",
    "ButtonSettings": "Prefer\u00e8ncies",
    "Audio": "\u00c0udio",
    "PlayOnAnotherDevice": "Reprodueix en un altre dispositiu",
    "LetterButtonAbbreviation": "A",
    "TabControls": "Controls",
    "ButtonSubtitles": "Subt\u00edtols",
    "ButtonPreviousTrack": "Pista anterior",
    "ButtonNextTrack": "Pista seg\u00fcent",
    "ButtonStop": "Atura",
    "ButtonPause": "Pausa",
    "ButtonNext": "Seg\u00fcent",
    "ButtonPrevious": "Anterior",
    "LabelGroupMoviesIntoCollections": "Agrupa pel\u00b7l\u00edcules a col\u00b7leccions",
    "LabelGroupMoviesIntoCollectionsHelp": "When displaying movie lists, movies belonging to a collection will be displayed as one grouped item.",
    "HeaderCollections": "Col\u00b7leccions",
    "LabelMaxBitrate": "Bitrate m\u00e0xim:",
    "LabelMaxBitrateHelp": "Specify a max bitrate in bandwidth constrained environments, or if the device imposes it's own limit.",
    "LabelMusicStaticBitrate": "Bitrate de sincronitzaci\u00f3 de m\u00fasica:",
    "LabelMusicStaticBitrateHelp": "Specify a max bitrate when syncing music",
    "LabelDeviceDescription": "Descripci\u00f3 del dispositiu",
    "HeaderDownloadSubtitlesFor": "Descarregar subt\u00edtols per a:",
    "LabelSkipIfGraphicalSubsPresent": "Skip if the video already contains embedded subtitles",
    "LabelSkipIfGraphicalSubsPresentHelp": "Keeping text versions of subtitles will result in more efficient delivery and decrease the likelihood of video transcoding.",
    "TabSubtitles": "Subt\u00edtols",
    "LabelDownloadLanguages": "Descarrega idiomes:",
    "LabelSkipIfAudioTrackPresent": "Skip if the default audio track matches the download language",
    "LabelSkipIfAudioTrackPresentHelp": "Uncheck this to ensure all videos have subtitles, regardless of audio language.",
    "SendMessage": "Envia missatge",
    "HeaderSendMessage": "Enviar Missatge",
    "ButtonSend": "Envia",
    "ViewPlaybackInfo": "Veure informaci\u00f3 de reproducci\u00f3",
    "LabelMessageText": "Text del missatge:",
    "LabelMessageTitle": "T\u00edtol del missatge:",
    "MessageNoAvailablePlugins": "No hi ha extensions disponibles.",
    "LabelDisplayPluginsFor": "Mostra complements per a:",
    "PluginTabAppClassic": "Emby per a Windows Media Center",
    "HeaderTypeText": "Introdueix Text",
    "LabelTypeText": "Text",
    "TabDisplay": "Visualitzaci\u00f3",
    "TabLanguages": "Idiomes",
    "TabAppSettings": "Prefer\u00e8ncies d'App",
    "HeaderHomePage": "P\u00e0gina d'Inici",
    "OptionAuto": "Autom\u00e0tc",
    "OptionYes": "S\u00ed",
    "OptionNo": "No",
    "HeaderOptions": "Opcions",
    "OptionResumablemedia": "Continuable",
    "OptionLatestMedia": "Darrers Multim\u00e8dia",
    "OptionLatestChannelMedia": "Darrers \u00edtems del canal",
    "OptionNone": "Cap",
    "HeaderLiveTv": "TV en Directe",
    "HeaderSettings": "Prefer\u00e8ncies",
    "OptionDefaultSort": "Per defecte",
    "TabNextUp": "A continuaci\u00f3",
    "MessageNoMovieSuggestionsAvailable": "Per ara no hi ha sugger\u00e8ncies de pel\u00b7l\u00edcules. Comen\u00e7a a veure i valorar les teves pel\u00b7l\u00edcules i llavors torna aqu\u00ed per veure les teves recomanacions.",
    "MessageNoCollectionsAvailable": "Collections allow you to enjoy personalized groupings of Movies, Series, Albums, Books and Games. Click the + button to start creating Collections.",
    "MessageNoPlaylistsAvailable": "Playlists allow you to create lists of content to play consecutively at a time. To add items to playlists, right click or tap and hold, then select Add to Playlist.",
    "MessageNoPlaylistItemsAvailable": "Aquesta llista de reproducci\u00f3 \u00e9s buida actualment.",
    "ButtonEditOtherUserPreferences": "Edita el perfil, la imatge i les prefer\u00e8ncies d'aquest usuari.",
    "LabelChannelStreamQuality": "Preferred internet channel quality:",
    "LabelChannelStreamQualityHelp": "In a low bandwidth environment, limiting quality can help ensure a smooth streaming experience.",
    "OptionBestAvailableStreamQuality": "Millor disponible",
    "ViewTypeMovies": "Pel\u00b7l\u00edcules",
    "ViewTypeTvShows": "TV",
    "ViewTypeGames": "Jocs",
    "ViewTypeMusic": "M\u00fasica",
    "HeaderOtherDisplaySettings": "Prefer\u00e8ncies de Visualitzaci\u00f3",
    "ViewTypeMusicSongs": "Can\u00e7ons",
    "ViewTypeMusicFavorites": "Preferides",
    "ViewTypeMusicFavoriteAlbums": "\u00c0lbums Preferits",
    "ViewTypeMusicFavoriteArtists": "Artistes Preferits",
    "ViewTypeMusicFavoriteSongs": "Can\u00e7ons Preferides",
    "HeaderMyViews": "Les Meves Vistes",
    "OptionDisplayAdultContent": "Mostra contingut per adults",
    "OptionLibraryFolders": "Directoris multim\u00e8dia",
    "TitleRemoteControl": "Control Remot",
    "OptionDisplayChannelsInline": "Mostra canals com a directoris de mitjans",
    "OptionDisplayChannelsInlineHelp": "En estar actiu, els canals es mostraran entre la resta de mitjans de la biblioteca. En estar inactiu, apareixeran en un directori separat de Canals.",
    "LabelDisplayCollectionsView": "Mostra una vista de col\u00b7leccions per mostrar col\u00b7leccions de pel\u00b7licules",
    "LabelDisplayCollectionsViewHelp": "This will create a separate view to display movie collections. To create a collection, right-click or tap-hold any movie and select 'Add to Collection'. ",
    "TabServices": "Serveis",
    "TabLogs": "Logs",
    "TabBranding": "Aparen\u00e7a",
    "HeaderBrandingHelp": "Personalitza l'aparen\u00e7a d'Emby de manera que encaixi amb les necessitats del teu grup o organitzaci\u00f3.",
    "LabelLoginDisclaimer": "Login disclaimer:",
    "LabelLoginDisclaimerHelp": "Es mostrar\u00e0 al peu de la p\u00e0gina d'inici de sessi\u00f3.",
    "OptionList": "Llista",
    "TabDashboard": "Tauler de Control",
    "TitleServer": "Servidor",
    "LabelCache": "Mem\u00f2ria cau:",
    "LabelLogs": "Registres:",
    "LabelMetadata": "Metadada:",
    "LabelTranscodingTemporaryFiles": "Fitxers temporals de transcodificaci\u00f3:",
    "HeaderBranding": "Aparen\u00e7a",
    "HeaderApiKeys": "Claus Api",
    "HeaderApiKeysHelp": "Les aplicacions externes requereixen una Api key pere tal de poder-se comunicar amb el Servidor d'Emby. Les claus s\u00f3n emeses iniciant sessi\u00f3 amb un compte d'Emby, o concedint manualment una clau a l'aplicaci\u00f3.",
    "HeaderApiKey": "Clau Api",
    "HeaderApp": "App",
    "HeaderDevice": "Dispositiu",
    "HeaderUser": "Usuari",
    "HeaderDateIssued": "Data d'Emissi\u00f3",
    "HeaderHttpHeaders": "Cap\u00e7aleres Http",
    "TabView": "Vista",
    "TabFilter": "Filtrar",
    "ButtonView": "Vista",
    "LabelView": "Vista:",
    "TabUsers": "Usuaris",
    "HeaderFeatures": "Caracter\u00edstiques",
    "HeaderAdvanced": "Avan\u00e7at",
    "HeaderScheduledTasks": "Scheduled Tasks",
    "HeaderResumeSettings": "Configuraci\u00f3 de Continuar",
    "TitleUsers": "Usuaris",
    "ButtonClose": "Tanca",
    "LabelAllLanguages": "Tots els idiomes",
    "OptionAll": "Tot",
    "LabelImage": "Imatge",
    "HeaderImages": "Imatges",
    "HeaderBackdrops": "Backdrops",
    "LabelJpgPngOnly": "Nom\u00e9s JPG\/PNG",
    "OptionSeason0": "Temporada 0",
    "HeaderFetcherSettings": "Fetcher Settings",
    "HeaderActivity": "Activitat",
    "PluginInstalledWithName": "{0} ha estat instal\u00b7lat",
    "PluginUpdatedWithName": "{0} ha estat actualitzat",
    "PluginUninstalledWithName": "{0} ha estat desinstal\u00b7lat",
    "LabelIpAddressValue": "Adre\u00e7a IP: {0}",
    "HeaderEmbyServer": "Emby Server",
    "MessageServerConfigurationUpdated": "S'ha actualitzat la configuraci\u00f3 del servidor",
    "MessageNamedServerConfigurationUpdatedWithValue": "La secci\u00f3 de configuraci\u00f3 {0} ha estat actualitzada",
    "MessageApplicationUpdated": "El Servidor d'Emby ha estat actualitzat",
    "ProviderValue": "Prove\u00efdor: {0}",
    "HeaderRecentActivity": "Activitat Recent",
    "HeaderPeople": "Gent",
    "OptionComposers": "Compositors",
    "OptionOthers": "Altres",
    "ViewTypeFolders": "Directoris",
    "OptionDisplayFolderView": "Display a folder view to show plain media folders",
    "OptionDisplayFolderViewHelp": "If enabled, Emby apps will display a Folders category alongside your media library. This is useful if you'd like to have plain folder views.",
    "ViewTypeLiveTvRecordingGroups": "Enregistraments",
    "ViewTypeLiveTvChannels": "Canals",
    "HeaderPassword": "Contrasenya",
    "HeaderViewOrder": "Ordre de Visualitzaci\u00f3",
    "HeaderPersonInfo": "Informaci\u00f3 de la Persona",
    "HeaderConfirmDeletion": "Confirmar Supressi\u00f3",
    "LabelAlbumArtist": "Album artist:",
    "LabelAirDate": "Air days:",
    "LabelAirTime:": "Air time:",
    "LabelDisplaySpecialsWithinSeasons": "Mostra els especials dins les temporades en que van ser emesos",
    "ButtonPurchase": "Purchase",
    "HeaderPhotoInfo": "Info de Foto",
    "HeaderInstall": "Instal\u00b7laci\u00f3",
    "LabelSelectVersionToInstall": "Selecciona versi\u00f3 a instal\u00b7lar:",
    "LinkLearnMoreAboutSubscription": "Descobreix m\u00e9s sobre Emby Premiere",
    "MessagePluginRequiresSubscription": "This plugin will require an active Emby Premiere subscription after the 14 day free trial.",
    "MessagePremiumPluginRequiresMembership": "This plugin will require an active Emby Premiere subscription in order to purchase after the 14 day free trial.",
    "HeaderDeveloperInfo": "Informaci\u00f3 de Desenvolupador",
    "HeaderRevisionHistory": "Revision History",
    "ButtonViewWebsite": "Veure website",
    "OptionSaveMetadataAsHidden": "Desa les metadades i les imatges com a fitxers ocults",
    "LabelExtractThumbnailsDuringLibraryScan": "Create thumbnail images during the library scan",
    "LabelExtractThumbnailsDuringLibraryScanHelp": "If enabled, thumbnail images will be created when videos are imported during the library scan. If disabled they will be created during the thumbnail images scheduled task, allowing the regular library scan to complete faster.",
    "LabelConnectGuestUserName": "Their Emby Connect email address or username:",
    "LabelConnectUserName": "(Optional) Emby Connect username or email address:",
    "LabelConnectUserNameHelp": "Optionally link this local user to an existing Emby Connect account to enable easy sign-in access from any Emby app without having to know the server IP address.",
    "ButtonLearnMoreAboutEmbyConnect": "Learn more about Emby Connect",
    "LabelExternalPlayers": "Reproductors externs:",
    "LabelNativeExternalPlayersHelp": "Play videos using external players.",
    "TabPlayback": "Reproducci\u00f3",
    "TitlePlayback": "Reproducci\u00f3",
    "LabelDateAddedBehavior": "Comportament per a les dates d'addici\u00f3 dels nous continguts:",
    "OptionDateAddedImportTime": "Empra la data d'escaneig",
    "OptionDateAddedFileTime": "Empra la data de creaci\u00f3",
    "LabelDateAddedBehaviorHelp": "If a metadata value is present it will always be used before either of these options.",
    "TitleDevices": "Dispositius",
    "TabCameraUpload": "C\u00e0rregues de C\u00e0mera",
    "TabDevices": "Dispositius",
    "HeaderLibrarySettings": "Prefer\u00e8ncies de la Biblioteca",
    "HeaderThumbnailImages": "Thumbnail Images",
    "HeaderSubtitleDownloads": "Desc\u00e0rrega de Subt\u00edtols",
    "HeaderCameraUploadHelp": "Les apps d'emby poden carregar autom\u00e0ticament fotos capturades amb els teus dispositius m\u00f2bils cap a l'Emby Server.",
    "LabelCameraUploadPath": "Carpeta de c\u00e0rregues de c\u00e0mera:",
    "LabelCameraUploadPathHelp": "Select a custom upload path. This will override any default settings set in the Camera Upload section. If left blank, a default folder will be used. If using a custom path it will also need to be added as a library in Emby library setup.",
    "DefaultCameraUploadPathHelp": "Select a custom upload path. If left blank, a default folder will be used. If using a custom path it will also need to be added as a library in Emby library setup.",
    "LabelCreateCameraUploadSubfolder": "Create a subfolder for each device",
    "LabelCreateCameraUploadSubfolderHelp": "Specific folders can be assigned to a device by clicking on it from the Devices page.",
    "LabelCustomDeviceDisplayName": "Nom a mostrar:",
    "LabelCustomDeviceDisplayNameHelp": "Supply a custom display name or leave empty to use the name reported by the device.",
    "HeaderInviteUser": "Invite User",
    "LabelConnectGuestUserNameHelp": "This is the username that your friend uses to sign in to the Emby website, or their email address.",
    "HeaderInviteUserHelp": "Sharing your media with friends is easier than ever before with Emby Connect.",
    "ButtonSendInvitation": "Envia Invitaci\u00f3",
    "HeaderGuests": "Convidats",
    "HeaderPendingInvitations": "Invitacions Pendents",
    "TabParentalControl": "Control Parental",
    "HeaderAccessSchedule": "Horari d'Acc\u00e9s",
    "HeaderAccessScheduleHelp": "Create an access schedule to limit access to certain hours.",
    "LabelAccessDay": "Dia de la setmana:",
    "LabelAccessStart": "Hora d'inici:",
    "LabelAccessEnd": "Hora de fi:",
    "HeaderSchedule": "Horari",
    "OptionEveryday": "Cada dia",
    "OptionWeekdays": "Entre setmana",
    "OptionWeekends": "Cap de setmana",
    "HeaderOptionalLinkEmbyAccount": "Opcional: Vincula el teu compte Emby Connect",
    "ButtonTrailer": "Tr\u00e0iler",
    "MessageNoTrailersFound": "No s'han trobat tr\u00e0ilers. Instal\u00b7la el canal Trailer per millorar la teva experi\u00e8ncia amb les pel\u00b7l\u00edcules afegint una llibreria de tr\u00e0ilers d'internet.",
    "HeaderNewUsers": "Nous Usuaris",
    "TitleNewUser": "Nou Usuari",
    "ButtonConfigurePassword": "Configura Contrasenya",
    "HeaderDashboardUserPassword": "User passwords are managed within each user's personal profile settings.",
    "HeaderLibraryAccess": "Acc\u00e9s a la Biblioteca",
    "HeaderChannelAccess": "Channel Access",
    "HeaderLatestItems": "Latest Items",
    "LabelForgotPasswordUsernameHelp": "Enter your username, if you remember it.",
    "TitlePasswordReset": "Reiniciar Contrasenya",
    "HeaderParentalRatings": "Classificacions Parentals",
    "HeaderVideoTypes": "Tipus de V\u00eddeo",
    "HeaderYears": "Anys",
    "HeaderBlockItemsWithNoRating": "Block items with no or unrecognized rating information:",
    "LabelBlockContentWithTags": "Restrict Items With Tags",
    "LabelTagRestrictionMode": "Tag restriction mode:",
    "BlockItemsWithTheseTags": "Block items with these tags",
    "AllowItemsWithTheseTags": "Allow only items with these tags",
    "TabActivity": "Activitat",
    "OptionAllowSyncContent": "Permetre Sync",
    "OptionAllowContentDownloading": "Permetre desc\u00e0rrega de mitjans",
    "LabelNewUserNameHelp": "Els noms d'usuari poden contenir lletres (a-z), nombres (0-9), guions (-), guions baixos (_), ap\u00f2strofs (') i punts (.)",
    "HeaderThisUserIsCurrentlyDisabled": "This user is currently disabled. To enable this user, please see the option at the bottom of this page.",
    "OptionEnableTranscodingThrottle": "Enable throttling",
    "OptionEnableTranscodingThrottleHelp": "Throttling will automatically adjust transcoding speed in order to minimize server cpu utilization during playback.",
    "LabelUploadSpeedLimit": "Upload speed limit (Mbps):",
    "OptionAllowSyncTranscoding": "Allow media downloading that requires transcoding",
    "AllowMediaConversion": "Allow media conversion",
    "AllowMediaConversionHelp": "Grant or deny access to the convert media feature.",
    "HeaderPlayback": "Media Playback",
    "OptionAllowAudioPlaybackTranscoding": "Allow audio playback that requires transcoding",
    "OptionAllowVideoPlaybackTranscoding": "Allow video playback that requires transcoding",
    "OptionAllowVideoPlaybackRemuxing": "Allow video playback that requires conversion without re-encoding",
    "OptionAllowMediaPlaybackTranscodingHelp": "Restricting access to transcoding will disable quality selection and may cause playback failures in Emby apps due to unsupported media formats or insufficient network bandwidth.",
    "TabStreaming": "Streaming",
    "LabelRemoteClientBitrateLimit": "Internet streaming bitrate limit (Mbps):",
    "LabelRemoteClientBitrateLimitHelp": "An optional per-stream bitrate limit for all out of network devices. This is useful to prevent devices from requesting a higher bitrate than your internet connection can handle. This may result in increased CPU load on your server in order to transcode videos on the fly to a lower bitrate.",
    "LabelUserRemoteClientBitrateLimitHelp": "This will override the default global value set in advanced server settings.",
    "LabelConversionCpuCoreLimit": "CPU core limit:",
    "LabelConversionCpuCoreLimitHelp": "Limit the number of CPU cores that will be used during background conversion.",
    "OptionEnableFullSpeedConversion": "Enable full speed conversion",
    "OptionEnableFullSpeedConversionHelp": "By default, conversions are performed at a low speed to minimize resource consumption.",
    "TabPhotos": "Fotos",
    "HeaderWelcomeToEmby": "Benvingut a Emby",
    "EmbyIntroMessage": "With Emby you can easily stream videos, music and photos to smart phones, tablets and other devices from your Emby Server.",
    "ButtonConnect": "Connect",
    "HeaderNewServer": "Nou servidor",
    "HeaderExport": "Exportar",
    "HeaderColumns": "Columns",
    "ButtonReset": "Reinicia",
    "OptionEnableExternalVideoPlayers": "Habilita reproductors de v\u00eddeo externs",
    "LabelEnableFullScreen": "Enable fullscreen mode",
    "TabHomeScreen": "P\u00e0gina d'Inici",
    "HeaderDisplay": "Visualitzaci\u00f3",
    "HeaderNavigation": "Navigation",
    "OptionEnableAutomaticServerUpdates": "Enable automatic server updates",
    "HeaderOverview": "Overview",
    "HeaderType": "Tipus",
    "HeaderTunerDevices": "Tuner Devices",
    "HeaderTVSources": "Fonts de TV",
    "HeaderAddDevice": "Afegeix Dispositiu",
    "HeaderExternalServices": "External Services",
    "LabelTunerIpAddress": "Tuner IP Address:",
    "HeaderGuideProviders": "Prove\u00efdors de guies de TV",
    "AddGuideProviderHelp": "Add a source for TV Guide information",
    "LabelZipCode": "Zip Code:",
    "GuideProviderSelectListings": "Select Listings",
    "GuideProviderLogin": "Login",
    "LabelLineup": "Lineup:",
    "MessageTunerDeviceNotListed": "Is your tuner device not listed? Try installing an external service provider for more Live TV options.",
    "LabelImportOnlyFavoriteChannels": "Restrict to channels marked as favorite",
    "ImportFavoriteChannelsHelp": "If enabled, only channels that are marked as favorite on the tuner device will be imported.",
    "ButtonRepeat": "Repeat",
    "LabelEnableThisTuner": "Enable this tuner",
    "LabelEnableThisTunerHelp": "Uncheck to prevent importing channels from this tuner.",
    "HeaderImagePrimary": "Primari",
    "HeaderImageBackdrop": "Backdrop",
    "HeaderImageLogo": "Logo",
    "HeaderUserPrimaryImage": "Imatge d'Usuari",
    "ButtonProfile": "Perfil",
    "ButtonProfileHelp": "Estableix la teva imatge de perfil i contrasenya.",
    "HeaderHomeScreenSettings": "Prefer\u00e8ncies de la p\u00e0gina d'inici",
    "HeaderProfile": "Perfil",
    "HeaderLanguage": "Idioma",
    "LabelTranscodingThreadCount": "Nombre de fils de la transcodificaci\u00f3:",
    "LabelTranscodingThreadCountHelp": "Select the maximum number of threads to use when transcoding. Reducing the thread count will lower cpu usage but may not convert fast enough for a smooth playback experience.",
    "OptionMax": "Max",
    "LabelTunerType": "Tuner type:",
    "HeaderSetupTVGuide": "Setup TV Guide",
    "LabelDataProvider": "Data provider:",
    "HeaderDefaultRecordingSettings": "Prefer\u00e8ncies d'Enregistrament per Defecte",
    "OptionEnableRecordingSubfolders": "Create sub-folders for categories such as Sports, Kids, etc.",
    "HeaderSubtitles": "Subt\u00edtols",
    "HeaderVideos": "Videos",
    "LabelHardwareAccelerationType": "Hardware acceleration:",
    "LabelHardwareAccelerationTypeHelp": "Available on supported systems only.",
    "HeaderAdmin": "Admin",
    "HeaderCameraUpload": "C\u00e0rregues de C\u00e0mera",
    "ButtonClear": "Clear",
    "LabelFolder": "Folder:",
    "HeadersFolders": "Directoris",
    "LabelDisplayName": "Nom a mostrar:",
    "OptionConvertRecordingsToStreamingFormat": "Automatically convert recordings to a streaming friendly format",
    "OptionConvertRecordingsToStreamingFormatHelp": "Recordings will be converted on the fly to MKV for easy playback on your devices.",
    "OptionDownloadImagesInAdvance": "Download images in advance",
    "OptionDownloadImagesInAdvanceHelp": "By default, most images are only downloaded when requested by an Emby app. Enable this option to download all images in advance, as new media is imported. This may cause significantly longer library scans.",
    "DeleteImage": "Esborra Imatge",
    "MessageThankYouForSupporting": "Gr\u00e0cies per donar suport a Emby.",
    "FileReadCancelled": "La lectura de l'arxiu ha estat cancel\u00b7lada.",
    "FileNotFound": "Arxiu no trobat.",
    "FileReadError": "S'ha produ\u00eft un error en llegir el fitxer.",
    "PinCodeResetComplete": "The pin code has been reset.",
    "PinCodeResetConfirmation": "Are you sure you wish to reset the pin code?",
    "HeaderPinCodeReset": "Reset Pin Code",
    "NoPluginConfigurationMessage": "Aquest complement no t\u00e9 opcions de configuraci\u00f3.",
    "NoPluginsInstalledMessage": "No tens cap complement instal\u00b7lat.",
    "BrowsePluginCatalogMessage": "Consulta el nostre cat\u00e0leg per veure els complements disponibles.",
    "HeaderNewApiKey": "Nova Clau Api",
    "LabelAppName": "App name",
    "LabelAppNameExample": "Example: Sickbeard, NzbDrone",
    "HeaderNewApiKeyHelp": "Grant an application permission to communicate with Emby Server.",
    "MessageKeyEmailedTo": "Key emailed to {0}.",
    "HeaderConfirmation": "Confirmation",
    "MessageKeyUpdated": "Gr\u00e0cies. La teva clau Emby Premiere ha estat actualitzada.",
    "MessageKeyRemoved": "Gr\u00e0cies. La teva clau Emby Premiere ha estat eliminada.",
    "TextEnjoyBonusFeatures": "Gaudeix de caracter\u00edstiques addicionals",
    "HeaderAddTag": "Afegir Etiqueta",
    "ButtonSelectView": "Select view",
    "LabelFromHelp": "Exemple: {0} (al servidor)",
    "MessageErrorLoadingSupporterInfo": "There was an error loading Emby Premiere information. Please try again later.",
    "HeaderConfirmRemoveUser": "Remove User",
    "ValueTimeLimitSingleHour": "Time limit: 1 hour",
    "ValueTimeLimitMultiHour": "Time limit: {0} hours",
    "General": "General",
    "HeaderScreenSavers": "Screen Savers",
    "Notifications": "Notifications",
    "Metadata": "Metadata",
    "Reporting": "Reporting",
    "HeaderSearch": "Search",
    "ValueDateCreated": "Date created: {0}",
    "LabelArtist": "Artist",
    "LabelMovie": "Movie",
    "LabelMusicVideo": "V\u00eddeo Musical",
    "LabelEpisode": "Episode",
    "Series": "Series",
    "LabelStopping": "Stopping",
    "LabelCancelled": "Cancel\u00b7lat",
    "ButtonDownload": "Descarrega",
    "HeaderDevices": "Dispositius",
    "HeaderSelectCertificatePath": "Select Certificate Path",
    "HeaderSupporterBenefit": "An active Emby Premiere subscription provides additional benefits such as access to Emby DVR, offline media, premium plugins, and more. {0}Learn more{1}.",
    "HeaderWelcomeBack": "Benvingut de nou!",
    "HeaderSelectDevices": "Select Devices",
    "ButtonReenable": "Re-enable",
    "LabelAbortedByServerShutdown": "(Aborted by server shutdown)",
    "LabelScheduledTaskLastRan": "Last ran {0}, taking {1}.",
    "HeaderDeleteTaskTrigger": "Delete Task Trigger",
    "MessageDeleteTaskTrigger": "Are you sure you wish to delete this task trigger?",
    "MessageNoPluginsInstalled": "No tens cap complement instal\u00b7lat.",
    "MessageNoPluginsDueToAppStore": "To manage plugins, please use the Emby web app.",
    "LabelVersionInstalled": "{0} installed",
    "LabelNumberReviews": "{0} Reviews",
    "LabelFree": "Free",
    "HeaderSelectAudio": "Select Audio",
    "HeaderSelectSubtitles": "Select Subtitles",
    "LabelDefaultStream": "(Per defecte)",
    "LabelForcedStream": "(For\u00e7at)",
    "LabelDefaultForcedStream": "(Per defecte\/For\u00e7at)",
    "LabelUnknownLanguage": "Idioma desconegut",
    "ButtonMute": "Mute",
    "ButtonUnmute": "Unmute",
    "ButtonPlaylist": "Llista de reproducci\u00f3",
    "LabelEnabled": "Enabled",
    "LabelDisabled": "Disabled",
    "Disabled": "Disabled",
    "ButtonMoreInformation": "More Information",
    "LabelNoUnreadNotifications": "No unread notifications.",
    "HeaderConfirmSeriesCancellation": "Confirmar la Cancel\u00b7laci\u00f3 de la S\u00e8rie",
    "HeaderConfirmRecordingDeletion": "Confirm Recording Deletion",
    "OptionWeekend": "Weekends",
    "OptionWeekday": "Weekdays",
    "LiveTvUpdateAvailable": "(Update available)",
    "LabelVersionUpToDate": "Up to date!",
    "ButtonResetTuner": "Reset tuner",
    "HeaderResetTuner": "Reset Tuner",
    "MessageConfirmResetTuner": "Are you sure you wish to reset this tuner? Any active players or recordings will be abruptly stopped.",
    "ButtonCancelSeries": "Cancel Series",
    "HeaderSeriesRecordings": "Series Recordings",
    "LabelAnytime": "Any time",
    "StatusRecording": "Recording",
    "StatusWatching": "Watching",
    "StatusRecordingProgram": "Recording {0}",
    "StatusWatchingProgram": "Watching {0}",
    "HeaderSplitMedia": "Split Media Apart",
    "MessageConfirmSplitMedia": "Are you sure you wish to split the media sources into separate items?",
    "HeaderError": "Error",
    "HeaderSelectServerCachePath": "Select Server Cache Path",
    "HeaderSelectTranscodingPath": "Select Transcoding Temporary Path",
    "HeaderSelectMetadataPath": "Select Metadata Path",
    "HeaderSelectServerCachePathHelp": "Browse or enter the path to use for server cache files. The folder must be writeable.",
    "HeaderSelectTranscodingPathHelp": "Browse or enter the path to use for transcoding temporary files. The folder must be writeable.",
    "HeaderSelectMetadataPathHelp": "Browse or enter the path you'd like to store metadata within. The folder must be writeable.",
    "MessageFileWillBeDeleted": "El seg\u00fcent fitxer ser\u00e0 eliminat:",
    "MessageSureYouWishToProceed": "Are you sure you wish to proceed?",
    "MessageFollowingFileWillBeMovedFrom": "The following file will be moved from:",
    "MessageDestinationTo": "to:",
    "HeaderRestart": "Reiniciar",
    "HeaderShutdown": "Shutdown",
    "MessageConfirmRestart": "Est\u00e0s segur que vols reiniciar el Servidor d'Emby?",
    "MessageConfirmShutdown": "Are you sure you wish to shutdown Emby Server?",
    "ValueItemCount": "{0} item",
    "ValueItemCountPlural": "{0} items",
    "NewVersionOfSomethingAvailable": "A new version of {0} is available!",
    "VersionXIsAvailableForDownload": "La versi\u00f3 {0} est\u00e0 disponible per a descarregar-la.",
    "LabelVersionNumber": "Versi\u00f3 {0}",
    "LabelPlayMethodTranscoding": "Transcoding",
    "LabelPlayMethodDirectStream": "Direct Streaming",
    "LabelPlayMethodDirectPlay": "Direct Playing",
    "LabelLocalAccessUrl": "Acc\u00e9s local (LAN): {0}",
    "LabelRemoteAccessUrl": "Acc\u00e9s remot (WAN): {0}",
    "LabelRunningOnPort": "Corrent al port http {0}.",
    "LabelRunningOnPorts": "Corrent al port http {0} i al port https {1}.",
    "HeaderLatestFromChannel": "Latest from {0}",
    "ButtonRemoteControl": "Control Remot",
    "HeaderLatestTvRecordings": "Darreres Gravacions",
    "LabelCurrentPath": "Current path:",
    "HeaderSelectMediaPath": "Select Media Path",
    "HeaderSelectPath": "Select Path",
    "ButtonNetwork": "Network",
    "MessageDirectoryPickerInstruction": "Network paths can be entered manually in the event the Network button fails to locate your devices. For example, {0} or {1}.",
    "MessageDirectoryPickerBSDInstruction": "For BSD, you may need to configure storage within your FreeNAS Jail in order to allow Emby to access it.",
    "MessageDirectoryPickerLinuxInstruction": "For Linux on Arch Linux, CentOS, Debian, Fedora, OpenSuse, or Ubuntu, you must grant the Emby system user at least read access to your storage locations.",
    "HeaderMenu": "Menu",
    "ButtonOpen": "Obre",
    "ButtonShuffle": "Aleatori",
    "HeaderAudioTracks": "Pistes d'\u00c0udio",
    "HeaderLibraries": "Biblioteques",
    "MessageErrorPlayingVideo": "There was an error playing the video.",
    "MessageEnsureOpenTuner": "Please ensure there is an open tuner availalble.",
    "ButtonReports": "Reports",
    "MetadataManager": "Gestor de Metadades",
    "HeaderTime": "Time",
    "LabelAddedOnDate": "Afegit el {0}",
    "ButtonStart": "Start",
    "OptionBlockOthers": "Others",
    "OptionBlockTvShows": "TV Shows",
    "OptionBlockTrailers": "Tr\u00e0ilers",
    "OptionBlockMusic": "M\u00fasica",
    "OptionBlockMovies": "Pel\u00b7l\u00edcules",
    "OptionBlockBooks": "Llibres",
    "OptionBlockGames": "Jocs",
    "OptionBlockLiveTvPrograms": "Programes de TV en directe",
    "OptionBlockLiveTvChannels": "Live TV Channels",
    "OptionBlockChannelContent": "Internet Channel Content",
    "ButtonRevoke": "Revoke",
    "MessageConfirmRevokeApiKey": "Are you sure you wish to revoke this api key? The application's connection to Emby Server will be abruptly terminated.",
    "HeaderConfirmRevokeApiKey": "Revoke Api Key",
    "ValueContainer": "Contenidor: {0}",
    "ValueAudioCodec": "Audio Codec: {0}",
    "ValueVideoCodec": "Video Codec: {0}",
    "ValueCodec": "Codec: {0}",
    "ValueConditions": "Conditions: {0}",
    "LabelAll": "All",
    "HeaderDeleteImage": "Esborrar Imatge",
    "MessageFileNotFound": "File not found.",
    "ButtonNextPage": "Next Page",
    "ButtonPreviousPage": "Previous Page",
    "MessagePleaseAcceptTermsOfServiceBeforeContinuing": "Please accept the terms of service before continuing.",
    "OptionOff": "Apagat",
    "OptionOn": "Enc\u00e8s",
    "ButtonUninstall": "Uninstall",
    "HeaderLiveTV": "TV en Directe",
    "MissingPrimaryImage": "Missing primary image.",
    "MissingBackdropImage": "Missing backdrop image.",
    "MissingLogoImage": "Missing logo image.",
    "MissingEpisode": "Missing episode.",
    "OptionBackdrops": "Backdrops",
    "OptionImages": "Images",
    "OptionKeywords": "Keywords",
    "OptionTags": "Tags",
    "OptionStudios": "Estudis",
    "OptionName": "Name",
    "OptionOverview": "Overview",
    "OptionGenres": "Genres",
    "OptionPeople": "People",
    "OptionBirthLocation": "Birth Location",
    "HeaderChangeFolderType": "Canviar Tipus de Contingut",
    "HeaderChangeFolderTypeHelp": "Per canviar el tipus, si et plau, esborra i reconstrueix la llibreria amb el nou tipus.",
    "HeaderAlert": "Alert",
    "MessagePleaseRestart": "Si et plau, reinicia per finalitzar l'actualitzaci\u00f3.",
    "ButtonHide": "Hide",
    "MessageSettingsSaved": "Prefer\u00e8ncies desades.",
    "TabLibrary": "Biblioteca",
    "TabLiveTV": "TV en Directe",
    "TabPlugins": "Complements",
    "TabHelp": "Ajuda",
    "HeaderNotifications": "Notificacions",
    "HeaderSelectPlayer": "Select Player",
    "HeaderSpecials": "Specials",
    "HeaderTrailers": "Tr\u00e0ilers",
    "HeaderResolution": "Resoluci\u00f3",
    "HeaderRuntime": "Durada",
    "HeaderParentalRating": "Valoraci\u00f3 Parental",
    "HeaderReleaseDate": "Data de publicaci\u00f3",
    "HeaderSeries": "S\u00e8ries:",
    "HeaderSeason": "Temporada",
    "HeaderSeasonNumber": "Season number",
    "HeaderNetwork": "Network",
    "HeaderYear": "Any:",
    "HeaderEmbeddedImage": "Embedded image",
    "HeaderTrack": "Track",
    "OptionCollections": "Col\u00b7leccions",
    "OptionSeries": "S\u00e8ries",
    "OptionGames": "Jocs",
    "OptionGameSystems": "Game systems",
    "OptionMusicArtists": "M\u00fasics",
    "OptionMusicAlbums": "\u00c0lbums musicals",
    "OptionMusicVideos": "V\u00eddeos musicals",
    "OptionSongs": "Songs",
    "OptionHomeVideos": "Fotos i v\u00eddeos dom\u00e8stics",
    "OptionBooks": "Llibres",
    "ButtonUp": "Up",
    "ButtonDown": "Down",
    "LabelMetadataReaders": "Metadata readers:",
    "LabelMetadataReadersHelp": "Rank your preferred local metadata sources in order of priority. The first file found will be read.",
    "LabelSubtitleDownloaders": "Subtitle downloaders:",
    "SubtitleDownloadersHelp": "Enable and rank your preferred subtitle downloaders in order of priority. More subtitle providers can be installed using the Emby plugin catalog.",
    "LabelMetadataDownloaders": "Metadata downloaders:",
    "LabelMetadataDownloadersHelp": "Enable and rank your preferred metadata downloaders in order of priority. Lower priority downloaders will only be used to fill in missing information.",
    "LabelMetadataSavers": "Metadata savers:",
    "LabelMetadataSaversHelp": "Choose the file formats to save your metadata to.",
    "LabelImageFetchers": "Image fetchers:",
    "LabelImageFetchersHelp": "Enable and rank your preferred image fetchers in order of priority.",
    "PersonTypePerson": "Person",
    "OptionSortName": "Nom per endre\u00e7ar:",
    "LabelDateOfBirth": "Date of birth:",
    "HeaderRemoveMediaLocation": "Remove Media Location",
    "MessageConfirmRemoveMediaLocation": "Are you sure you wish to remove this location?",
    "LabelNewName": "Nou nom:",
    "HeaderRemoveMediaFolder": "Remove Media Folder",
    "MessageTheFollowingLocationWillBeRemovedFromLibrary": "The following media locations will be removed from your Emby library:",
    "MessageAreYouSureYouWishToRemoveMediaFolder": "Are you sure you wish to remove this media folder?",
    "ButtonRename": "Reanomena",
    "ButtonChangeContentType": "Canvia el tipus de contingut",
    "HeaderMediaLocations": "Media Locations",
    "LabelContentTypeValue": "Content type: {0}",
    "FolderTypeUnset": "Contingut mesclat",
    "HeaderPluginInstallation": "Plugin Installation",
    "MessageAlreadyInstalled": "This version is already installed.",
    "MessageYouHaveVersionInstalled": "Actualment tens la versi\u00f3 {0} instal\u00b7lada.",
    "MessageTrialExpired": "The trial period for this feature has expired",
    "MessageTrialWillExpireIn": "The trial period for this feature will expire in {0} day(s)",
    "MessageInstallPluginFromApp": "This plugin must be installed from with in the app you intend to use it in.",
    "ValuePriceUSD": "Price: {0} (USD)",
    "MessageFeatureIncludedWithSupporter": "You are registered for this feature, and will be able to continue using it with an active Emby Premiere subscription.",
    "HeaderUnrated": "Unrated",
    "HeaderUnknownDate": "Unknown Date",
    "HeaderUnknownYear": "Unknown Year",
    "HeaderSelectExternalPlayer": "Select External Player",
    "HeaderExternalPlayerPlayback": "External Player Playback",
    "OptionWatched": "Vist",
    "OptionUnwatched": "No vist",
    "LabelMarkAs": "Marca com:",
    "OptionInProgress": "In-Progress",
    "LabelResumePoint": "Punt de represa:",
    "ValueOneTrailer": "1 trailer",
    "ValueTrailerCount": "{0} tr\u00e0ilers",
    "ValueSeriesYearToPresent": "{0} - Present",
    "ValueAwards": "Awards: {0}",
    "ValuePremiered": "Premiered {0}",
    "ValuePremieres": "Premieres {0}",
    "ValueStudio": "Studio: {0}",
    "ValueStudios": "Estudis: {0}",
    "ValueStatus": "Status: {0}",
    "LabelLimit": "Limit:",
    "ValueLinks": "Enlla\u00e7os: {0}",
    "ValueArtist": "Artist: {0}",
    "ValueArtists": "Artists: {0}",
    "MediaInfoCameraMake": "Camera make",
    "MediaInfoCameraModel": "Camera model",
    "MediaInfoAltitude": "Altitude",
    "MediaInfoAperture": "Aperture",
    "MediaInfoExposureTime": "Exposure time",
    "MediaInfoFocalLength": "Focal length",
    "MediaInfoOrientation": "Orientation",
    "MediaInfoIsoSpeedRating": "Iso speed rating",
    "MediaInfoLatitude": "Latitude",
    "MediaInfoLongitude": "Longitude",
    "MediaInfoShutterSpeed": "Shutter speed",
    "MediaInfoSoftware": "Software",
    "HeaderMovies": "Pel\u00b7l\u00edcules",
    "HeaderAlbums": "Albums",
    "HeaderGames": "Jocs",
    "HeaderBooks": "Llibres",
    "HeaderEpisodes": "Episodes",
    "HeaderTracks": "Tracks",
    "HeaderItems": "Items",
    "HeaderOtherItems": "Other Items",
    "ValueAsRole": "as {0}",
    "ValueGuestStar": "Artista convidat",
    "TabExpert": "Expert",
    "HeaderSelectCustomIntrosPath": "Select Custom Intros Path",
    "HeaderThankYou": "Gr\u00e0cies",
    "ReleaseYearValue": "Release year: {0}",
    "TabExtras": "Extres",
    "DeviceLastUsedByUserName": "Emprat per darrer cop per {0}",
    "HeaderSelectUploadPath": "Select Upload Path",
    "ErrorMessageStartHourGreaterThanEnd": "End time must be greater than the start time.",
    "ButtonLibraryAccess": "Acc\u00e9s a la biblioteca",
    "ButtonParentalControl": "Control parental",
    "MessageUnableToConnectToServer": "We're unable to connect to the selected server right now. Please ensure it is running and try again.",
    "MessagePluginConfigurationRequiresLocalAccess": "To configure this plugin please sign in to your local server directly.",
    "MessageLoggedOutParentalControl": "Access is currently restricted. Please try again later.",
    "ButtonLinkMyEmbyAccount": "Link my account now",
    "MessageConnectAccountRequiredToInviteGuest": "In order to invite guests you need to first link your Emby account to this server.",
    "HeaderCancelSyncJob": "Cancel Sync",
    "MovieLibraryHelp": "Review the {0}Emby movie naming guide{1}.",
    "TvLibraryHelp": "Review the {0}Emby TV naming guide{1}.",
    "BookLibraryHelp": "Text books are supported. Review the {0}Emby Book naming guide{1}.",
    "MessageGamePluginRequired": "Requires installation of the GameBrowser plugin",
    "MessageUnsetContentHelp": "Content will be displayed as plain folders.",
    "ButtonNewServer": "Nou servidor",
    "ButtonRemote": "Remot",
    "HeaderUnlockApp": "Desbloqueja App",
    "HeaderUnlockSync": "Desbloqueja Emby Sync",
    "MessagePaymentServicesUnavailable": "Els serveis de pagament no estan disponibles actualment. Siusplau, intenta-ho m\u00e9s tard.",
    "HeaderLibrary": "Biblioteca",
    "HeaderMedia": "Mitjans",
    "NoNewDevicesFound": "No new devices found. To add a new tuner, close this dialog and enter the device information manually.",
    "NoResultsFound": "No results found.",
    "ManageLibrary": "Gestiona la biblioteca",
    "HeaderConfirm": "Confirmar",
    "MessageConfirmDeleteTunerDevice": "Are you sure you wish to delete this device?",
    "MessageConfirmDeleteGuideProvider": "Are you sure you wish to delete this guide provider?",
    "HeaderDeleteProvider": "Delete Provider",
    "ErrorAddingTunerDevice": "There was an error adding the tuner device. Please ensure it is accessible and try again.",
    "ErrorSavingTvProvider": "There was an error saving the TV provider. Please ensure it is accessible and try again.",
    "ErrorGettingTvLineups": "There was an error downloading tv lineups. Please ensure your information is correct and try again.",
    "MessageCreateAccountAt": "Create an account at {0}",
    "ErrorPleaseSelectLineup": "Please select a lineup and try again. If no lineups are available, then please check that your username, password, and postal code is correct.",
    "HeaderTryEmbyPremiere": "Try Emby Premiere",
    "OptionEnableDisplayMirroring": "Habilita el mirall de pantalla",
    "ErrorValidatingSupporterInfo": "There was an error validating your Emby Premiere information. Please try again later.",
    "LabelLocalSyncStatusValue": "Status: {0}",
    "OptionBackdropSlideshow": "Backdrop slideshow",
    "HeaderTopPlugins": "Complements Principals",
    "ButtonOther": "Altres",
    "HeaderSortBy": "Ordena per",
    "HeaderSortOrder": "Ordre de Classificaci\u00f3",
    "ButtonMenu": "Men\u00fa",
    "ForAdditionalLiveTvOptions": "Browse the Emby {0}plugin catalog{1} to install additional Live TV providers.",
    "ButtonGuide": "Guia",
    "ButtonYes": "S\u00ed",
    "AddUser": "Afegir Usuari",
    "ButtonNo": "No",
    "HeaderLatestMovies": "Darreres Pel\u00b7l\u00edcules",
    "HeaderEmailAddress": "Correu Electr\u00f2nic",
    "NumLocationsValue": "{0} directoris",
    "ButtonAddMediaLibrary": "Afegeix biblioteca multim\u00e8dia",
    "ButtonManageFolders": "Gestiona directoris",
    "ErrorAddingListingsToSchedulesDirect": "There was an error adding the lineup to your Schedules Direct account. Schedules Direct only allows a limited number of lineups per account. You may need to log into the Schedules Direct website and remove others listings from your account before proceeeding.",
    "PleaseAddAtLeastOneFolder": "Please add at least one folder to this library by clicking the Add button.",
    "ErrorAddingMediaPathToVirtualFolder": "There was an error adding the media path. Please ensure the path is valid and the Emby Server process has access to that location.",
    "ErrorAddingEmbyConnectAccount3": "The Emby account is already linked to an existing local user. An Emby account can only be linked to one local user at a time.",
    "HeaderConfirmPluginInstallation": "Confirm Plugin Installation",
    "PleaseConfirmPluginInstallation": "Please click OK to confirm you've read the above and wish to proceed with the plugin installation.",
    "MessagePluginInstallDisclaimer": "Plugins built by Emby community members are a great way to enhance your Emby experience with additional features and benefits. Before installing, please be aware of the effects they may have on your Emby Server, such as longer library scans, additional background processing, and decreased system stability.",
    "TitleHardwareAcceleration": "Hardware Acceleration",
    "HardwareAccelerationWarning": "Enabling hardware acceleration may cause instability in some environments. Ensure that your operating system and video drivers are fully up to date. If you have difficulty playing video after enabling this, you'll need to change the setting back to Auto.",
    "HeaderSelectCodecIntrosPath": "Select Codec Intros Path",
    "ValueExample": "Example: {0}",
    "OptionEnableAnonymousUsageReporting": "Enable anonymous usage reporting",
    "OptionEnableAnonymousUsageReportingHelp": "Allow Emby to collect anonymous data such as installed plugins, the version numbers of your Emby apps, etc. This information is only used for the purpose of improving the software.",
    "LabelFileOrUrl": "File or url:",
    "OptionEnableForAllTuners": "Enable for all tuner devices",
    "HeaderTuners": "Tuners",
    "LabelOptionalM3uUrl": "M3U url (optional):",
    "LabelOptionalM3uUrlHelp": "Some devices support an M3U channel listing.",
    "TabResumeSettings": "Resume Settings",
    "DrmChannelsNotImported": "Channels with DRM will not be imported.",
    "LabelAllowHWTranscoding": "Allow hardware transcoding",
    "AllowHWTranscodingHelp": "If enabled, allow the tuner to transcode streams on the fly. This may help reduce transcoding required by Emby Server.",
    "MetadataSettingChangeHelp": "Changing metadata settings will affect new content that is added going forward. To refresh existing content, open the detail screen and click the refresh button, or perform bulk refreshes using the metadata manager.",
    "OptionConvertRecordingPreserveAudio": "Preserve original audio when converting recordings (when possible)",
    "OptionConvertRecordingPreserveAudioHelp": "This will provide better audio but may require transcoding during playback on some devices.",
    "AddItemToCollectionHelp": "Add items to collections by searching for them and using their right-click or tap menus to add them to a collection.",
    "RecordingPathChangeMessage": "Changing your recording folder will not migrate existing recordings from the old location to the new. You'll need to move them manually if desired.",
    "LabelSportsCategories": "Sports categories:",
    "XmlTvSportsCategoriesHelp": "Els programes amb aquestes categories es mostraran com a programes esportius. Separa'n varis emprant '|'.",
    "LabelNewsCategories": "News categories:",
    "XmlTvNewsCategoriesHelp": "Els programes amb aquestes categories es mostraran com a programes de not\u00edcies. Separa'n varis emprant '|'.",
    "LabelKidsCategories": "Children's categories:",
    "XmlTvKidsCategoriesHelp": "Els programes amb aquestes categories es mostraran com a programes infantils. Separa'n varis emprant '|'.",
    "LabelMovieCategories": "Movie categories:",
    "XmlTvMovieCategoriesHelp": "Els programes amb aquestes categories es mostraran com a pel\u00b7l\u00edcules. Separa'n varis emprant '|'.",
    "XmlTvPathHelp": "A path to an xml tv file. Emby will read this file and periodically check it for updates. You are responsible for creating and updating the file.",
    "LabelBindToLocalNetworkAddress": "Bind to local network address:",
    "LabelBindToLocalNetworkAddressHelp": "Optional. Override the local IP address that Emby Server will present to Emby apps. If left blank, the server will automatically detect the local IP address.",
    "TitleHostingSettings": "Hosting Settings",
    "SettingsWarning": "Changing these values may cause instability or connectivity failures. If you experience any problems, we recommend changing them back to default.",
    "MapChannels": "Map Channels",
    "OptionSaveMetadataAsHiddenHelp": "Changing this will apply to new metadata saved going forward. Existing metadata files will be updated the next time they are saved by Emby Server.",
    "EnablePhotos": "Enable photos",
    "EnablePhotosHelp": "Photos will be detected and displayed alongside other media files.",
    "ManageOfflineDownloads": "Manage offline downloads",
    "RememberMe": "Recorda'm",
    "HeaderOfflineSync": "Offline Sync",
    "LabelMaxAudioFileBitrate": "Max audio file bitrate:",
    "LabelMaxAudioFileBitrateHelp": "Audio files with a higher bitrate will be converted by Emby Server. Select a higher value for better quality, or a lower value to conserve local storage space.",
    "SaveThumbnailImagesIntoMediaFolders": "Save thumbnail images into media folders",
    "OptionExtractThumbnailImage": "Enable thumbnail image creation",
    "LabelEnableDebugLogging": "Habilita registre de depuraci\u00f3",
    "OptionEnableExternalContentInSuggestions": "Enable external content in suggestions",
    "OptionEnableExternalContentInSuggestionsHelp": "Permet incloure tr\u00e0ilers d'internet i programes de TV en directe amb el continguts suggerits.",
    "LabelH264EncodingPreset": "H264 encoding preset:",
    "H264EncodingPresetHelp": "Choose a faster value to improve performance, or a slower value to improve quality.",
    "LabelH264Crf": "H264 encoding CRF:",
    "H264CrfHelp": "The Constant Rate Factor (CRF) is the default quality setting for the x264 encoder. You can set the values between 0 and 51, where lower values would result in better quality (at the expense of higher file sizes). Sane values are between 18 and 28. The default for x264 is 23, so you can use this as a starting point.",
    "LabelConvertRecordingsTo": "Convertir enregistraments a:",
    "LabelOptionalNetworkPath": "(Optional) Shared network folder:",
    "LabelOptionalNetworkPathHelp": "If this folder is shared on your network, supplying the network share path can allow Emby apps on other devices to access media files directly.",
    "SynologyUpdateInstructions": "Please login to DSM and go to Package Center to update.",
    "LabelMoviePrefix": "Movie prefix:",
    "LabelMoviePrefixHelp": "If a prefix is applied to movie titles, enter it here so that Emby can handle it properly.",
    "HeaderRecordingPostProcessing": "Recording Post Processing",
    "LabelPostProcessorArguments": "Post-processor command line arguments:",
    "LabelPostProcessorArgumentsHelp": "Use {path} as the path to the recording file.",
    "LabelPostProcessor": "Post-processing application:",
    "ErrorAddingXmlTvFile": "There was an error accessing the XmlTV file. Please ensure the file exists and try again.",
    "OptionAutomaticallyGroupSeries": "Automatically merge series that are spread across multiple folders",
    "OptionAutomaticallyGroupSeriesHelp": "If enabled, series that are spread across multiple folders within this library will be automatically merged into a single series.",
    "WhenDidYouPurchaseApp": "When did you originally purchase this app?",
    "PreferEmbeddedTitlesOverFileNames": "Prefer embedded titles over filenames",
    "PreferEmbeddedTitlesOverFileNamesHelp": "This determines the default display title when no internet metadata or local metadata is available.",
    "HeaderUpcomingEpisodes": "Propers episodis",
    "HeaderLiveTvTunerSetup": "Live TV Tuner Setup",
    "HeaderTVSourceSetup": "TV Source Setup",
    "HeaderDetectMyDevices": "Detect My Devices",
    "MessagePleaseWait": "Please wait. This may take a minute.",
    "DetectingDevices": "Detecting devices",
    "LabelAutomaticallyRefreshInternetMetadataEvery": "Automatically refresh metadata from the internet:",
    "Never": "Never",
    "EveryNDays": "Every {0} days",
    "HeaderNewDevices": "New Devices",
    "LabelCertificatePassword": "Certificate password:",
    "LabelCertificatePasswordHelp": "If your certificate requires a password, please enter it here.",
    "LabelEnableHardwareDecodingFor": "Enable hardware decoding for:",
    "EnableHardwareEncoding": "Enable hardware encoding",
    "Rate": "Rate",
    "HeaderNewLibrary": "New Library",
    "HttpsRequiresCert": "To enable secure connections, you will need to supply a trusted SSL certificate, such as Lets Encrypt. Please either supply a certificate, or disable secure connections.",
    "ServerRestartNeededAfterPluginInstall": "Emby Server will need to be restarted after installing a plugin.",
    "PluginInstalledMessage": "The plugin has been successfully installed. Emby Server will need to be restarted for changes to take effect.",
    "Themes": "Themes",
    "MessagePremiereStatusGood": "You have a {0} Emby Premiere plan and your device usage is well within your limit.",
    "MessagePremiereStatusClose": "You have a {0} Emby Premiere plan, but your device usage is close to the limit.",
    "MessagePremiereExtendedPlans": "Consider an {0}extended device plan{1}",
    "MessagePremiereStatusOver": "You have a {0} Emby Premiere plan, but you are over your device limit!",
    "ListItemPremiereSub": "{0} subscription purchased via {2} expires {1}",
    "LabelClickToCancel": "Click to cancel this subscription",
    "LabelCancelInfo": "You can manage this subscription directly with {0}",
    "LabelAlreadyCanceled": "This subscription has been canceled. Key will remain valid until expiration.",
    "HeaderCancelSub": "Cancel Emby Premiere",
    "MessageConfirmSubCancel": "NO, Please don't go... You will miss out on all the great features of Emby Premiere!",
    "ButtonCancelSub": "I know, cancel it anyway",
    "ButtonDontCancelSub": "Keep Emby Premiere",
    "MessageSubCancelReqSent": "An email has been sent to the owner of the key. Please follow the instructions in that email to complete the cancellation of this subscription. We hope to see you back soon!",
    "MessageSubCancelError": "Something went wrong trying to cancel.  Please send an email to {0} and we'll get you squared away.",
    "LabelAlreadyCancelled": "This subscription has been cancelled. You will not be charged again but the features will work until the date above.",
    "AllowOnTheFlySubtitleExtraction": "Allow subtitle extraction on the fly",
    "AllowOnTheFlySubtitleExtractionHelp": "Embedded subtitles can be extracted from videos and delivered to Emby apps in plain text in order to help prevent video transcoding. On some systems this can take a long time and cause video playback to stall during the extraction process. Disable this to have embedded subtitles burned in with video transcoding when they are not natively supported by the client device.",
    "ButtonStopRecording": "Stop Recording",
    "EnableDebugLoggingHelp": "Debug logging should only be enabled as needed for troubleshooting purposes. The increased file system access may prevent the server machine from being able to sleep in some environments.",
    "LabelSimultaneousConnectionLimit": "Simultaneous stream limit:",
    "SimultaneousConnectionLimitHelp": "The maximum number of allowed simultaneous streams. Enter 0 for no limit.",
    "LaunchWebAppOnStartup": "Launch the Emby web app in my web browser when Emby Server starts",
    "LaunchWebAppOnStartupHelp": "This will open the web app in your default web browser when Emby Server initially starts. This will not occur when using the restart server function.",
    "LabelReferrerHeader": "Referrer http header:",
    "LabelUserAgentHeader": "User agent http header:",
    "SupplyCustomValueIfNeeded": "Supply a custom http header value, if necessary.",
    "HeaderConfigureRemoteAccess": "Configure Remote Access",
    "LearnHowToCreateSynologyShares": "Learn how to share folders in Synology.",
    "LabelAllowedRemoteAddresses": "Remote IP address filter:",
    "LabelAllowedRemoteAddressesMode": "Remote IP address filter mode:",
    "Whitelist": "Whitelist",
    "Blacklist": "Blacklist",
    "AllowedRemoteAddressesHelp": "Comma separated list of IP addresses or IP\/netmask entries for networks that will be allowed to connect remotely. If left blank, all remote addresses will be allowed.",
    "LabelLanNetworks": "Xarxes LAN:",
    "LanNetworksHelp": "Comma separated list of IP addresses or IP\/netmask entries for networks that will be considered on local network when enforcing bandwidth restrictions. If set, all other IP addresses will be considered to be on the external network and will be subject to the external bandwidth restrictions. If left blank, only the server's subnet and common private IP subnets (10.0.0.0\/8, 192.168.0.0\/24, etc.) are considered to be on the local network.",
    "LabelSecureConnectionsMode": "Secure connection mode:",
    "PreferredNotRequired": "Preferred, but not required",
    "RequiredForAllRemoteConnections": "Required for all remote connections",
    "HandledByProxy": "Handled by reverse proxy",
    "SaveSubtitlesIntoMediaFolders": "Save subtitles into media folders",
    "SaveSubtitlesIntoMediaFoldersHelp": "Storing subtitles next to video files will allow them to be more easily managed.",
    "AutomaticSubtitleDownloadInstructions": "To manage automatic subtitle downloading, click on a library in Emby library setup, and edit the subtitle downloading settings for that library.",
    "OpenSubtitleInstructions": "You'll need to configure Open Subtitles account information on the Open Subtitles configuration screen in the Emby Server dashboard.",
    "LabelEnableHardwareAcceleration": "Habilita l'acceleraci\u00f3 per hardware quan estigui disponible:",
    "HeaderPreferredHardwareDecoders": "Preferred Hardware Decoders",
    "HeaderPreferredHardwareEncoders": "Preferred Hardware Encoders",
    "AllowChangingImageAndPassword": "Allow this user to change their password and profile image",
    "LabelTranscodeBuffer": "Transcode buffer:",
    "LabelTranscodePosition": "Transcode position:",
    "LabelPlaybackPosition": "Playback position:",
    "LabelSimultaneousStreamLimit": "Max simultaneous video streams:",
    "SimultaneousStreamLimitHelp": "Limit the number of concurrent video playback sessions."
}